id,category,regional_word,standard_word,en_word,regional_sentence,standard_sentence,en_sentence,word_type
1,"word","zevzek","geveze","chatterbox","O çok zevzek biri.","O çok geveze biri.","He is a real chatterbox.","adjective"
2,"word","aba","abla","elder sister", "Abamı çok severim.","Ablamı çok severim.","I love my elder sister.","noun"
3,"word","acer","taze","fresh","Bu yeşillikler daha yeni toplandı, acerdir.","Bu yeşillikler daha yeni toplandı, tazedir.","These greens are fresh, just picked.","noun"
4,"word","ağar","eğer","if","Ağar oraya gidersen beni ara.","Eğer oraya gidersen beni ara.","If you go there, call me.","conjunction"
5,"word","geren","deniz börülcesi","sea beans","Annem geren salatası yapmış.","Annem deniz börülcesi salatası yapmış.","My mom made sea bean salad.","noun"
6,"word","bıdık","minik","little","Seni gidi bıdık şey.","Seni gidi minik şey.","You little thing.","adjective"
7,"word","ceyran","elektrik","electric","Ceyranlar kesildi.","Elektrikler kesildi.","Electricity went out.","noun"
8,"word","cimcik","tutam","pinch","Bir cimcik tuz katar mısın?","Bir tutam tuz katar mısın?","Can you add a pinch of salt?","noun"
9,"word","çimmek","banyo yapmak","take a bath","İçeride çimiyor.","İçeride banyo yapıyor.","He is taking a bath inside.","verb"
10,"word","dombalak","takla atmak","do a somersault","Dombalak ata ata geliyor.","Takla ata ata geliyor.","She's coming in a somersault.","verb"
11,"word","dulluk","favori, saç yanında uzanan saç","sideburns","Dullukların baya uzamış.","Favorilerin baya uzamış.","Your sideburns have grown quite a bit.","noun"
12,"word","dölek","doğru,düz","straight","Dölek dur bakayım.","Düz dur bakayım.","Stand straight let me see.","noun"
13,"word","elbiz","örümcek","spider","Elbizden çok korkarım.","Örümcekten çok korkarım.","I am very afraid of spiders.","noun"
14,"word","essah","doğru","right","Essah diyon?","Doğru diyorsun?","You say right?","noun"
15,"word","evlek","bölüm","part","Evin bu evleği çok güzel olmuş.","Evin bu bölümü çok güzel olmuş.","This part of the house is very nice.","noun"
16,"word","evmek","acele etmek","to hurry","Trene yetişmek için eviyordu.","Trene yetişmek için acele ediyordu.","She was in a hurry to catch the train.","noun"
17,"word","feramak","dinlenmek","to rest","Feramak için içeriye geçti.","Dinlenmek için içeriye geçti.","He went inside to rest.","verb"
18,"word","ferfene","toplu yemek","group meal","Bu akşam ferfene yenilecek.","Bu akşam toplu yemek yenilecek.","There will be a group meal this evening.","noun"
19,"word","fışkı","gübre","fertilizer","Fışkıları tarlaya götürmek için römorka yerleştirdi.","Gübreleri tarlaya götürmek için römorka yerleştirdi.","She placed the fertilizer on the trailer to take it to the field.","noun"
20,"word","fos","boş","empty","Kutuların içleri fos çıktı.","Kutuların içleri boş çıktı.","The boxes were empty.","noun"
21,"word","gabala","ölçü","measurement","Şu kasanın gabalasını al.","Şu kasanın ölçüsünü al.","Take the measurements of this safe.","noun"
22,"word","gaham","akraba","relative","Bu akşam bize gahamlar gelecek.","Bu akşamlar akrabalar bize gelecek.","Relatives will come to us this evening.","noun"
23,"word","gambak","ufak ağaç parçası","small piece of wood","Rüzgardan sonra her yer gambaklar ile dolmuştu.","Rüzgardan sonra her yer ufak ağaç parçaları ile dolmuştu.","After the wind, the whole place was filled with small pieces of wood.","noun"
24,"word","ganara","doyumsuz","insatiable","Ganaralık yapıp fazla fazla almışsın.","Doyumsuzluk yapıp fazla fazla almışsın.","You were insatiable and took too much","noun"
25,"word","garalt","söndür","put out","Çabuk ateşi garalt.","Çabuk ateşi söndür.","Put out the fire quickly.","noun"
26,"word","ende","burada","here","Ende çok güzel olmuş.","Burada çok güzel olmuş.","It's been great here.","noun"
27,"word","giçişmek","kaşınmak","itching","Bütün gün giçişip durdu.","Bütün gün kaşınıp durdu.","He itched all day long.","verb"
28,"word","gobel","erkek çocuk","boy","Sizin gobel sabahtan beri sokakta oynuyor.","Sizin çocuk sabahtan beri sokakta oynuyor.","Your boy has been playing on the street since the morning.","noun"
29,"word","goğ","dedikodu","gossip","Bizimkiler bir araya geldi mi hep goğ yaparlar.","Bizimkiler bir araya geldi mi hep dedikodu yaparlar.","When our people get together, they always gossip.","noun"
30,"word","gop","koş","run","Gop Forest gop.","Koş Forest koş.","Run Forest run.","verb"
31,"word","guşene","büyük tencere","big pot","Yeni bir guşene almış.","Yeni büyük bir tencere almış.","He bought a new big pot.","noun"
32,"word","gübür","çöp","garbage","Oğlum gübürü çıkarır mısın?","Oğlum çöpü çıkarır mısın?","Son, can you take out the garbage?","noun"
33,"word","goo","olgunlaşmamış","unripe","Bu erikler daha goo.","Bu erikler daha olgunlaşmamış.","These plums are not ripe yet.","noun"
34,"word","hayat","avlu","yard","Hayata çıkıp biraz hava alalım.","Avluya çıkıp biraz hava alalım.","Let's go out to the yard and get some air.","noun"
35,"word","horanta","ev halkı","household","Horanta bu olaya bir şey demedi.","Ev halkı bu olaya bir şey demedi.","The household did not say anything about this incident.","noun"
36,"word","herslenmek","sinirlenmek","get angry","Hemen hersleniyorsun.","Hemen sinirleniyorsun.","You get angry immediately","verb"
37,"word","hortuklu","sümüklü","snotty","Hortuklu burun çeke çeke geldi.","Sümüklü burun çeke çeke geldi.","He came in with his snotty nose sniffling.","adjective"
38,"word","ıcık","az","little","Projesini bitirmek için çok ıcık zamanı var.","Projesini bitirmek için çok az zamanı var.","She has very little time to finish her project.","adjective"
39,"word","ısmarıç","sipariş vermek","order","Bize yemek ısmarıçladı.","Bize yemek sipariş verdi","She ordered food for us.","verb"
40,"word","icicik","azıcık","little","Zamanında varacağına dair icicik umudum yok.","Zamanında varacağına dair azıcık umudum yok.","I have little hope that he will arrive on time.","adjective"
41,"word","ilistir","kevgir","colander","İlistir ile suyunu süzdü.","Kevgir ile suyunu süzdü.","She drained the water with a colander.","noun"
42,"word","kiri","eşek yavrusu","baby donkey","Kirilere bak çok tatlılar.","Eşek yavrularına bak çok tatlılar.","Look at the donkey babies, they are so cute.","noun"
43,"word","lalanmak","taklit etmek","imitate","Benim konuşmamı hep lalalıyor.","Benim konuşmamı hep taklit ediyor.","He always imitates the way I talk.","verb"
44,"word","mahana","bahane","excuse","Yine yeni bir mahana üretmiş.","Yine yeni bir bahane üretmiş.","She made a new excuse again.","noun"
45,"word","mavgunat","römork","trailer","Bu mavgunat çok eskimiş.","Bu römork çok eskimiş.","This trailer is very old","noun"
46,"word","milek","çamur","mud","Çocuklar milekte oynamayı çok seviyorlar.","Çocuklar çamurda oynamayı çok seviyorlar.","Children love playing in mud.","noun"
47,"word","öpçe","şımarık","spoiled","Yeni nesil çok öpçe.","Yeni nesil çok şımarık.","The new generation is so spoiled.","noun"
48,"word","oğnük","önlük","apron","Kendine mutfakta kullanmak için yeni bir oğnük aldı.","Kendine mutfakta kullanmak için yeni bir önlük aldı.","She bought herself a new apron to use in the kitchen.","noun"
49,"word","peşkir","havlu","towel","Banyodaki peşkiri kullanabilirsiniz.","Banyodaki havluyu kullanabilirsiniz.","You can use the towel in the bathroom.","noun"
50,"word","pırtma","hedefi ıskaladı","miss the mark","Bu atışı ile pırtmaladı.","Bu atışı ile hedefi ıskaladı.","He missed the target with this shot.","noun"
51,"word","pörçüklü","havuç","carrot","Pazardan pörçüklü almış.","Pazardan havuç almış.","He bought carrots from the market.","noun"
52,"word","abara","oluk","water spout","Abara'dan su akıyor.","Oluktan su akıyor.","Water is flowing from the spout.","noun"
53,"word","abbağ","çok beyaz","very white","Bu abbağ yastık çok rahat.","Bu beyaz yastık çok rahat.","This very white pillow is very comfortable.","adjective"
54,"word","acar","yeni","new","Bu acar elbiseyi çok beğendim.","Bu yeni elbiseyi çok beğendim.","I really liked this new dress.","adjective"
55,"word","acimcik","çok az","very little","Bana acimcik ekmek ver.","Bana çok az ekmek ver.","Give me very little bread.","adjective"
56,"word","alaf şalaf","gereksiz ot","useless weed","Bu alaf şalafları temizlememiz lazım.","Bu gereksiz otları temizlememiz lazım.","We need to clean these useless weeds.","noun"
57,"word","ağaz","hayvanların ilk sütü","first milk of animals","Buzağının ağazı çok faydalıdır.","Buzağının ilk sütü çok faydalıdır.","The calf's first milk is very beneficial.","noun"
58,"word","ağal","bahçe kenarını çalıyla çevirmek","fence with branches","Ağal yaparak bahçeyi korudular.","Çalılarla çevreleyerek bahçeyi korudular.","They protected the garden by fencing it with branches.","verb"
59,"word","ağar","ağır","heavy","Bu yük çok ağar geldi.","Bu yük çok ağır geldi.","This load felt very heavy.","adjective"
60,"word","ağca","pamuk ipliği yaygısı","mat","Ağca'yı serip bulgur kuruttular.","Yaygıyı serip bulgur kuruttular.","They spread the mat to dry the bulgur.","noun"
61,"word","ahacıka","işte","here it is","Ahacıka ekmek geldi.","İşte ekmek geldi.","Here is the bread.","interjection"
62,"word","ahancık","işte bu","this one","Ahancık senin aradığın anahtar.","İşte bu senin aradığın anahtar.","This is the key you were looking for.","interjection"
63,"word","akaba","eğim","slope","Yolun akabasına dikkat et.","Yolun eğimine dikkat et.","Watch out for the slope of the road.","noun"
64,"word","alaancık","karınca","ant","Alaancıklar çok fazlalaştı.","Karıncalar çok fazlalaştı.","The ants have increased a lot.","noun"
65,"word","amanat","emanet","entrusted item","Bu amanatı ona verdim.","Bu emaneti ona verdim.","I gave this entrusted item to him.","noun"
66,"word","alafa gitmek","düşünmeden gitmek","leave without thinking","O alafa gidip geldi.","O düşünmeden gidip geldi.","He went and came back without thinking.","verb"
67,"word","alemençik","serçe benzeri kuş","sparrow-like bird","Alemençik bahçede uçuşuyor.","Serçe bahçede uçuşuyor.","A sparrow is flying in the garden.","noun"
68,"word","aleverti","boşu boşuna","for nothing","Bu işleri aleverti yapıyoruz.","Bu işleri boşu boşuna yapıyoruz.","We are doing these things for nothing.","adverb"
69,"word","aleyciği","hepsi","all","Aleyciği orada toplandı.","Hepsi orada toplandı.","They all gathered there.","pronoun"
70,"word","aleyçik","çadır","tent","Aleyçik kurdular yaylaya.","Çadır kurdular yaylaya.","They set up a tent in the highlands.","noun"
71,"word","alkış verme","dua etme","pray","Bize alkış verin.","Bize dua edin.","Pray for us.","verb"
72,"word","angara","imece","cooperative work","Angara yaparak işleri bitirdik.","İmece yaparak işleri bitirdik.","We finished the work by cooperating.","noun"
73,"word","annac","karşı yamaç","opposite slope","Annac taraf çok dik.","Karşı yamaç çok dik.","The opposite slope is very steep.","noun"
74,"word","apışma","durup kalmak","freeze","O haberi duyunca apıştı.","O haberi duyunca durup kaldı.","He froze when he heard the news.","verb"
75,"word","arısilli","tertemiz","spotless","Ev arısilli olmuş.","Ev tertemiz olmuş.","The house has become spotless.","adjective"
76,"word","ahbap","giysi, çamaşır","clothes","Ahbaplarını yıkadı.","Çamaşırlarını yıkadı.","She washed her clothes.","noun"
77,"word","aşşa","aşağı","down","Aşşa inme.","Aşağı inme.","Don't go down.","adverb"
78,"word","avırt","yanak","cheek","Onun avırtları kızardı.","Onun yanakları kızardı.","His cheeks turned red.","noun"
79,"word","azzık","yiyecek","food","Yolda azzık bulamadık.","Yolda yiyecek bulamadık.","We couldn't find food on the way.","noun"
80,"word","baldırcan","patlıcan","eggplant","Baldırcan kızartması yaptık.","Patlıcan kızartması yaptık.","We made eggplant fries.","noun"
81,"word","balk","yıldırım","lightning","Balk düştü.","Yıldırım düştü.","Lightning struck.","noun"
82,"word","bedirik","çeyiz","dowry","Kızın bediriğini hazırladılar.","Kızın çeyizini hazırladılar.","They prepared the girl's dowry.","noun"
83,"word","belcene","kurutulmuş incir","dried fig","Belcene getirip sattılar.","Kurutulmuş incir getirip sattılar.","They brought and sold dried figs.","noun"
84,"word","berk","çok sıkı","very tight","Bu ip çok berk bağlanmış.","Bu ip çok sıkı bağlanmış.","This rope is tied very tightly.","adjective"
85,"word","bıldır","geçen sene","last year","Bıldır çok kar yağdı.","Geçen sene çok kar yağdı.","Last year, it snowed a lot.","noun"
86,"word","bılız","yaramaz çocuk","naughty child","O bılız hep ortalığı karıştırır.","O yaramaz çocuk hep ortalığı karıştırır.","That naughty child always causes trouble.","noun"
87,"word","bibi","hala","aunt","Bibi bize geldi.","Hala bize geldi.","Aunt came to visit us.","noun"
88,"word","bider","tohum","seed","Biderleri ektik.","Tohumları ektik.","We planted the seeds.","noun"
89,"word","birti","biraz","a little","Birti daha yemek kaldı.","Biraz daha yemek kaldı.","There is a little more food left.","adverb"
90,"word","bişet","bir şey","something","Bişet var mı?","Bir şey var mı?","Is there something?","pronoun"
91,"word","bişme","güveç","stew","Bişme pişiriyoruz.","Güveç pişiriyoruz.","We are cooking stew.","noun"
92,"word","bocit","sürahi","pitcher","Bocit dolmuş.","Sürahi dolmuş.","The pitcher is full.","noun"
93,"word","biyaktan","az önce","just now","Biyaktan buradaydı.","Az önce buradaydı.","He was here just now.","adverb"
94,"word","börk","takke","cap","Börkünü taktı.","Takkesini taktı.","He put on his cap.","noun"
95,"word","börkenek","kapşon","hood","Börkenek giydi.","Kapşon giydi.","He wore a hood.","noun"
96,"word","buncaaz","bu kadar","this much","Buncaaz kalmış.","Bu kadar kalmış.","Only this much is left.","adverb"
97,"word","buncalı","bu sefer","this time","Buncalı olmayacak.","Bu sefer olmayacak.","It won't happen this time.","adverb"
98,"word","bük","çalılık","bush","Büklerin arasında kayboldu.","Çalılıkların arasında kayboldu.","He got lost among the bushes.","noun"
99,"word","büvet","su göleti","pond","Büvet dolmuş.","Su göleti dolmuş.","The pond is full.","noun"
100,"word","bunmuak","bunalmak","feel suffocated","Odasında bunmuak kaldı.","Odasında bunalıp kaldı.","He felt suffocated in his room.","verb"
101,"word","cardın","büyük fare","big rat","Cardın gördük.","Büyük bir fare gördük.","We saw a big rat.","noun"
102,"word","cangama","laf kalabalığı","chatter","Bu ne cangama böyle?","Bu ne laf kalabalığı böyle?","What is all this chatter?","noun"
103,"word","calap","sulu kar","slush","Calap yağıyor.","Sulu kar yağıyor.","Slush is falling.","noun"
104,"word","caalak","çağlayan","waterfall","Caalak çok güzel akıyor.","Çağlayan çok güzel akıyor.","The waterfall is flowing beautifully.","noun"
105,"word","cecit","yepyeni","brand new","Bu ceket cecitmiş.","Bu ceket yepyeniymiş.","This jacket is brand new.","adjective"
106,"word","cehez","çeyiz","dowry","Cehezi hazırladılar.","Çeyizi hazırladılar.","They prepared the dowry.","noun"
107,"word","cıba","domuz yavrusu","piglet","Cıba bahçeye girmiş.","Domuz yavrusu bahçeye girmiş.","A piglet entered the garden.","noun"
108,"word","cıkıl","madeni para","coin","Cıkıl bulduk.","Madeni para bulduk.","We found a coin.","noun"
109,"word","cıkla","tamamen","completely","Cıkla yandı.","Tamamen yandı.","It burned completely.","adverb"
110,"word","cılk","bozulmuş","rotten","Bu yumurta cılk olmuş.","Bu yumurta bozulmuş.","This egg has gone rotten.","adjective"
111,"word","cılcı","kavgacı","quarrelsome","O çocuk çok cılcıdır.","O çocuk çok kavgacıdır.","That child is very quarrelsome.","adjective"
112,"word","cıllımak","oyun bozmak","to spoil the game","Oyunda yine cıllımak etti.","Oyunda yine oyun bozdu.","He spoiled the game again.","verb"
113,"word","cırlavuk","ağustos böceği","cicada","Bahçede cırlavuk ötüyor.","Bahçede ağustos böceği ötüyor.","A cicada is chirping in the garden.","noun"
114,"word","cırtık","tırnak izi","scratch mark","Kolunda cırtık vardı.","Kolunda tırnak izi vardı.","There was a scratch mark on her arm.","noun"
115,"word","cızzan","tahtaravelli","seesaw","Çocuklar cızzan oynuyordu.","Çocuklar tahtaravelli oynuyordu.","The kids were playing on the seesaw.","noun"
116,"word","cızzık","çizgi","line","Deftere bir cızzık attı.","Deftere bir çizgi attı.","He drew a line in the notebook.","noun"
117,"word","cilkes","tamamen","completely","Cilkes unuttum.","Tamamen unuttum.","I completely forgot.","adverb"
118,"word","citil","küçük helkecik","small bucket","Citili suyla doldurdu.","Küçük helkeyi suyla doldurdu.","He filled the small bucket with water.","noun"
119,"word","coruk","işe yaramaz","useless","Bu alet coruk.","Bu alet işe yaramaz.","This tool is useless.","adjective"
120,"word","cukkuşu","baykuş","owl","Gece cukkuşu öttü.","Gece baykuş öttü.","An owl hooted at night.","noun"
121,"word","culluk","hindi","turkey","Bahçede bir culluk var.","Bahçede bir hindi var.","There's a turkey in the yard.","noun"
122,"word","cura","kısa boylu","short","O biraz cura.","O biraz kısa boylu.","He is a bit short.","adjective"
123,"word","cuvara","sigara","cigarette","Bir cuvara yaktı.","Bir sigara yaktı.","He lit a cigarette.","noun"
124,"word","cücük","civciv","chick","Bir cücük buldum.","Bir civciv buldum.","I found a chick.","noun"
125,"word","cüvab","cevap","answer","Cüvab ver lütfen.","Cevap ver lütfen.","Please give an answer.","noun"
126,"word","çandır","melez","hybrid","Bu ağaç çandır.","Bu ağaç melez.","This tree is a hybrid.","adjective"
127,"word","çebiş","teke","young goat","Çebiş dağda otluyordu.","Teke dağda otluyordu.","The young goat was grazing in the mountain.","noun"
128,"word","çekke","çekirge","grasshopper","Bahçede çekke zıpladı.","Bahçede çekirge zıpladı.","A grasshopper jumped in the garden.","noun"
129,"word","çelik","ölçek","measure","Bir çelik tuz ekledi.","Bir ölçek tuz ekledi.","He added a measure of salt.","noun"
130,"word","çen","ceviz yarısı","half walnut","Bir çen aldı.","Bir ceviz yarısı aldı.","He took half a walnut.","noun"
131,"word","çepel","bulaşık","dirty dishes","Mutfakta çepel birikmiş.","Mutfakta bulaşık birikmiş.","There are a lot of dirty dishes in the kitchen.","noun"
132,"word","çetil","fidan","sapling","Çetil ekti.","Fidan ekti.","He planted a sapling.","noun"
133,"word","çınkı","tutam","a pinch","Bir çınkı tuz ekle.","Bir tutam tuz ekle.","Add a pinch of salt.","noun"
134,"word","çıtımık","menengiç","terebinth","Çıtımık kahvesi yaptım.","Menengiç kahvesi yaptım.","I made terebinth coffee.","noun"
135,"word","çiğit","pamuk tohumu","cottonseed","Çiğit ekti.","Pamuk tohumu ekti.","He planted cottonseed.","noun"
136,"word","çimmek","yıkanmak","to bathe","Çimmeye gittim.","Yıkanmaya gittim.","I went to bathe.","verb"
137,"word","çinçik","serçe","sparrow","Çinçik pencereye kondu.","Serçe pencereye kondu.","The sparrow perched on the window.","noun"
138,"word","çinke","küçük parça","small piece","Bir çinke kaldı.","Küçük bir parça kaldı.","Only a small piece is left.","noun"
139,"word","çirpeden","bir anda","suddenly","Çirpeden çıktı.","Bir anda çıktı.","He suddenly appeared.","adverb"
140,"word","çitil","sürahi","pitcher","Çitil doluydu.","Sürahi doluydu.","The pitcher was full.","noun"
141,"word","çömçe","büyük tahta kaşık","large wooden spoon","Çömçeyle karıştırdı.","Büyük tahta kaşıkla karıştırdı.","He stirred with a large wooden spoon.","noun"
142,"word","çüven","davulun tokmağı","drum beater","Çüven ile davula vurdu.","Davulun tokmağı ile davula vurdu.","He hit the drum with a beater.","noun"
143,"word","dalaykırı","yukarı doğru","upwards","Çıkarken dalaykırı git.","Çıkarken yukarı doğru git.","Go upwards while ascending.","adverb"
144,"word","dalgeçir","cepken","waistcoat","Dalgeçirini giyip geldi.","Cepkenini giyip geldi.","He came wearing his waistcoat.","noun"
145,"word","dam","ev","house","Akşam dama gideceğiz.","Akşam eve gideceğiz.","We will go home in the evening.","noun"
146,"word","damızlık","tohumluk","breeding","Bu koyun damızlık için ayrıldı.","Bu koyun tohumluk için ayrıldı.","This sheep was set aside for breeding.","noun"
147,"word","dantil","dantel","lace","Annem dantili masaya serdi.","Annem danteli masaya serdi.","My mother laid the lace on the table.","noun"
148,"word","davış","kıpırtı","flutter","Yaprakta bir davış vardı.","Yaprakta bir kıpırtı vardı.","There was a flutter on the leaf.","noun"
149,"word","dayramak","eskimek","to wear out","Bu elbise dayramış.","Bu elbise eskimiş.","This dress has worn out.","verb"
150,"word","debiyak","az önce","just now","Debiyak buradaydı.","Az önce buradaydı.","He was here just now.","adverb"
151,"word","değilcikden","mahsustan","on purpose","Değilcikden yaptı.","Mahsustan yaptı.","He did it on purpose.","adverb"
152,"word","değne","bak","look","Değne şuraya.","Bak şuraya.","Look over there.","verb"
153,"word","dellenme","delirme","go mad","O dellenme geçirdi.","O delirdi.","He went mad.","noun"
154,"word","depik","tekme","kick","Topa depik attı.","Topa tekme attı.","He kicked the ball.","noun"
155,"word","deşirmek","toplamak","to gather","Elmalarını deşirdi.","Elmalarını topladı.","He gathered his apples.","verb"
156,"word","devlisigün","ertesi gün","next day","Devlisigün geldiler.","Ertesi gün geldiler.","They came the next day.","noun"
157,"word","devrede","devirde","era","O devrede yaşadık.","O devirde yaşadık.","We lived in that era.","noun"
158,"word","devrikisinde","ötekisinde","on the other one","Devrikisinde kaldı.","Ötekisinde kaldı.","It stayed on the other one.","noun"
159,"word","dezze","teyze","aunt","Dezzem geldi.","Teyzem geldi.","My aunt came.","noun"
160,"word","dıkıl","gir","enter","İçeri dıkıl.","İçeri gir.","Enter inside.","verb"
161,"word","dıkız","fazla","excessive","Dıkız konuşma.","Fazla konuşma.","Don't talk excessively.","adjective"
162,"word","dırgıl dırgıl","yarık yarık","cracked","Ekmek dırgıl dırgıldı.","Ekmek yarık yarıktı.","The bread was cracked.","adjective"
163,"word","dibek","büyük taş","grindstone","Dibekte dövdü.","Büyük taşta dövdü.","He pounded it on the grindstone.","noun"
164,"word","digrak","sıkı","tight","Kemer digrak bağlanmış.","Kemer sıkı bağlanmış.","The belt was tied tightly.","adjective"
165,"word","dil","anahtar","key","Kapının dili kayboldu.","Kapının anahtarı kayboldu.","The key of the door is lost.","noun"
166,"word","dilbaz","güzel konuşan","eloquent","O çok dilbaz biridir.","O çok güzel konuşan biridir.","He is a very eloquent person.","adjective"
167,"word","dillemek","kilitlemek","to lock","Kapıyı dille.","Kapıyı kilitle.","Lock the door.","verb"
168,"word","dinei","dur","stop","Hemen dinei.","Hemen dur.","Stop immediately.","verb"
169,"word","diniyele","dinle hele","listen up","Diniyele beni.","Dinle hele beni.","Listen up to me.","verb"
170,"word","dombalak","takla","somersault","Çocuk dombalak attı.","Çocuk takla attı.","The child did a somersault.","noun"
171,"word","donuktu","durdu","stopped","Araba donuktu.","Araba durdu.","The car stopped.","verb"
172,"word","dombalak","takla","somersault","Oyun sırasında dombalak attı.","Oyun sırasında takla attı.","He did a somersault during the game.","noun"
173,"word","don","külot","underwear","Donunu giydi.","Külotunu giydi.","He wore his underwear.","noun"
174,"word","döl","oğul","offspring","Bu hayvanın dölleri sağlıklı.","Bu hayvanın oğulları sağlıklı.","This animal's offspring are healthy.","noun"
175,"word","düneklik","kümes","coop","Tavukları dünekliğe koydu.","Tavukları kümese koydu.","He put the chickens in the coop.","noun"
176,"word","e","iyi","good","E gidiyoruz.","İyi gidiyoruz.","We are going well.","adjective"
177,"word","ebelik","ot","herb","Ebelik topladık.","Ot topladık.","We collected herbs.","noun"
178,"word","ede","erkek kardeş","brother","Ede gelmedi.","Erkek kardeşim gelmedi.","My brother didn't come.","noun"
179,"word","ehliyel","aile bireyleri","family members","Ehliyel toplandı.","Aile bireyleri toplandı.","Family members gathered.","noun"
180,"word","ehliz","ehil","competent","O işte ehlizdir.","O işte ehildir.","He is competent in that job.","adjective"
181,"word","ekseri","genellikle","usually","Ekseri böyle olur.","Genellikle böyle olur.","It usually happens like this.","adverb"
182,"word","elbir","işbirlikçi","collaborator","Elbir gibi davrandı.","İşbirlikçi gibi davrandı.","He acted like a collaborator.","noun"
183,"word","elefetsiz","manasız","meaningless","Sözü elefetsizdi.","Sözü manasızdı.","His words were meaningless.","adjective"
184,"word","eletmek","ulaştırmak","to deliver","Paketi elet.","Paketi ulaştır.","Deliver the package.","verb"
185,"word","ellehem","herhalde","probably","Ellehem gelir.","Herhalde gelir.","He will probably come.","adverb"
186,"word","ellengeç","yengeç","crab","Elengeç yakaladık.","Yengeç yakaladık.","We caught a crab.","noun"
187,"word","elllehem","sanki","as if","Elllehem biliyor.","Sanki biliyor.","He acts as if he knows.","adverb"
188,"word","emenmek","utanmak","to be ashamed","Yaptığından emendi.","Yaptığından utandı.","He was ashamed of what he did.","verb"
189,"word","encik","köpek yavrusu","puppy","Encik oynuyor.","Köpek yavrusu oynuyor.","The puppy is playing.","noun"
190,"word","eniş","rampa","slope","Yokuş eniştir.","Yokuş rampadır.","The hill is a slope.","noun"
191,"word","eses","esans","essence","Eses sürdü.","Esans sürdü.","She applied essence.","noun"
192,"word","eşgere","apaçık","obvious","Eşgere belliydi.","Apaçık belliydi.","It was obviously clear.","adjective"
193,"word","fak","tuzak","trap","Fak kurdu.","Tuzak kurdu.","He set a trap.","noun"
194,"word","fakı","hoca","teacher","Fakı derse geldi.","Hoca derse geldi.","The teacher came to the class.","noun"
195,"word","fallik","yaramaz","naughty","Çocuk fallikti.","Çocuk yaramazdı.","The child was naughty.","adjective"
196,"word","fanilye","kazak","sweater","Fanilye giydi.","Kazak giydi.","He wore a sweater.","noun"
197,"word","farsak","kirli","dirty","Elbisesi farsaktı.","Elbisesi kirliydi.","His clothes were dirty.","adjective"
198,"word","fas","içi boş","empty","Kutu fas çıktı.","Kutu içi boş çıktı.","The box turned out to be empty.","adjective"
199,"word","fasari","boş iş","nonsense","Bu fasariyle uğraşma.","Bu boş işle uğraşma.","Don't deal with this nonsense.","noun"
200,"word","filtik filtik","parça parça","fragmented","Kumaş filtik filtikti.","Kumaş parça parçaydı.","The fabric was fragmented.","adjective"
201,"word","fistan","kadın elbisesi","dress","Yeni fistan aldı.","Yeni kadın elbisesi aldı.","She bought a new dress.","noun"
202,"word","gabir","kabir","grave","Gabire gitti.","Kabire gitti.","He went to the grave.","noun"
203,"word","gada","tasa","worry","Gadası çok.","Tasası çok.","He has a lot of worries.","noun"
204,"word","gallep","güvercin","pigeon","Bahçede bir gallep uçuyordu.","Bahçede bir güvercin uçuyordu.","A pigeon was flying in the garden.","noun"
205,"word","galli","sincap","squirrel","Ağacın tepesinde bir galli gördüm.","Ağacın tepesinde bir sincap gördüm.","I saw a squirrel at the top of the tree.","noun"
206,"word","gallin","pipo","pipe","Dedem her akşam gallin içer.","Dedem her akşam pipo içer.","My grandfather smokes a pipe every evening.","noun"
207,"word","gapıt","pardesü","overcoat","Soğukta gapıt giymeden çıkmam.","Soğukta pardesü giymeden çıkmam.","I don't go out in the cold without an overcoat.","noun"
208,"word","gaplık","raf","shelf","Kitapları gaplığa koydum.","Kitapları rafa koydum.","I put the books on the shelf.","noun"
209,"word","gasbalık","kapı","door","Gasbalığı kapatmayı unutma.","Kapıyı kapatmayı unutma.","Don't forget to close the door.","noun"
210,"word","gaşşak","sık","tight","Bu pantolon biraz gaşşak.","Bu pantolon biraz sık.","These pants are a bit tight.","adjective"
211,"word","gavut","yalan","lie","Söylediği şey tamamen gavut.","Söylediği şey tamamen yalan.","What he said is a complete lie.","noun"
212,"word","geçek","yol","road","Bu gecekten köye gidilir.","Bu yoldan köye gidilir.","You can get to the village from this road.","noun"
213,"word","geliç","ot","grass","Bahçede bolca geliç var.","Bahçede bolca ot var.","There's plenty of grass in the garden.","noun"
214,"word","gıç","ayak","foot","Gıçım çok ağrıyor.","Ayağım çok ağrıyor.","My foot hurts a lot.","noun"
215,"word","gısırak","kısrak","mare","Çiftlikte bir gısırak vardı.","Çiftlikte bir kısrak vardı.","There was a mare at the farm.","noun"
216,"word","gısmık","cimri","stingy","O biraz gısmık biridir.","O biraz cimri biridir.","He's a bit stingy.","adjective"
217,"word","gıtgırtı","tırtıl","caterpillar","Yaprakta bir gıtgırtı vardı.","Yaprakta bir tırtıl vardı.","There was a caterpillar on the leaf.","noun"
218,"word","gıvşırık","kıvırcık","curly","Gıvşırık saçları vardı.","Kıvırcık saçları vardı.","She had curly hair.","adjective"
219,"word","goz","ceviz","walnut","Ceplerine goz doldurdu.","Ceplerine ceviz doldurdu.","He filled his pockets with walnuts.","noun"
220,"word","göbelek","mantar","mushroom","Ormanda çokça göbelek bulduk.","Ormanda çokça mantar bulduk.","We found plenty of mushrooms in the forest.","noun"
221,"word","göde","şişman","fat","Göde biri hızlı koşamaz.","Şişman biri hızlı koşamaz.","A fat person can't run fast.","adjective"
222,"word","gön","deri","leather","Bu çanta gön malzemeden yapılmış.","Bu çanta deri malzemeden yapılmış.","This bag is made of leather.","noun"
223,"word","halva","helva","halva","Bayramda bolca halva yapıldı.","Bayramda bolca helva yapıldı.","A lot of halva was made during the holiday.","noun"
224,"word","haral","büyük çuval","big sack","Unları harala doldurdular.","Unları büyük çuvala doldurdular.","They filled the big sack with flour.","noun"
225,"word","hayıf","intikam","revenge","Yaptıklarının hayıfını alacağım.","Yaptıklarının intikamını alacağım.","I will take revenge for what was done.","noun"
226,"word","helik","küçük taş parçası","small stone","Ayakkabımın içine bir helik girmiş.","Ayakkabımın içine küçük bir taş parçası girmiş.","A small stone got into my shoe.","noun"
227,"word","heril","ipek","silk","Bu elbise tamamen herilden yapılmış.","Bu elbise tamamen ipekten yapılmış.","This dress is made entirely of silk.","noun"
228,"word","hıllangaç","salıncak","swing","Bahçeye yeni bir hıllangaç kurduk.","Bahçeye yeni bir salıncak kurduk.","We set up a new swing in the garden.","noun"
229,"word","hıltan","kürdan","toothpick","Yemekten sonra bir hıltan al.","Yemekten sonra bir kürdan al.","Take a toothpick after the meal.","noun"
230,"word","hobilik","yuvarlak","round","Bu taş epey hobilik.","Bu taş epey yuvarlak.","This stone is quite round.","adjective"
231,"word","horalı","komik","funny","O çocuk çok horalı şeyler anlatıyor.","O çocuk çok komik şeyler anlatıyor.","That kid tells very funny things.","adjective"
232,"word","horanta","kalabalık","crowd","Düğünde büyük bir horanta vardı.","Düğünde büyük bir kalabalık vardı.","There was a big crowd at the wedding.","noun"
233,"word","hota","kabadayı","bully","Mahallede bir hota dolaşıyor.","Mahallede bir kabadayı dolaşıyor.","A bully is roaming around the neighborhood.","noun"
234,"word","ırahmatlık","rahmetli","deceased","Bu ev ırahmatlık dedemden kaldı.","Bu ev rahmetli dedemden kaldı.","This house belonged to my deceased grandfather.","noun"
235,"word","ışgın","filiz","sprout","Dağdan taze ışgın topladık.","Dağdan taze filiz topladık.","We gathered fresh sprouts from the mountain.","noun"
236,"word","ışgıye","eşkıya","bandit","Köye ışgıyeler dadanmış.","Köye eşkıyalar dadanmış.","Bandits have started to raid the village.","noun"
237,"word","idare","lamba","lamp","Gece idareyle oturduk.","Gece lambayla oturduk.","We sat with a lamp at night.","noun"
238,"word","iliksiz","iğne","needle","Düğmeyi iliksizle diktim.","Düğmeyi iğneyle diktim.","I sewed the button with a needle.","noun"
239,"word","kellenkeste","kertenkele","lizard","Duvarın üstünde bir kellenkeste vardı.","Duvarın üstünde bir kertenkele vardı.","There was a lizard on the wall.","noun"
240,"word","kemın","kimyon","cumin","Yemeğe biraz kemın attım.","Yemeğe biraz kimyon attım.","I added some cumin to the food.","noun"
241,"word","keri","sonra","later","Yemekten keri gelirim.","Yemekten sonra gelirim.","I'll come after dinner.","adverb"
242,"word","kertiş","kertenkele","lizard","Bahçede kertiş gördüm.","Bahçede kertenkele gördüm.","I saw a lizard in the garden.","noun"
243,"word","kesme","meşe","oak","Bu masa kesmeden yapılmış.","Bu masa meşeden yapılmış.","This table is made of oak.","noun"
244,"word","kiktik","küçük sabun","small soap","Otelde bir kiktik verdiler.","Otelde küçük bir sabun verdiler.","They gave a small soap at the hotel.","noun"
245,"word","kindel","tas","bowl","Çorbayı kindelle içtik.","Çorbayı tasla içtik.","We drank the soup with a bowl.","noun"
246,"word","kolan","halat","rope","Ağacı kolanla bağladık.","Ağacı halatla bağladık.","We tied the tree with a rope.","noun"
247,"word","kömbe","börek","pastry","Annem kömbe yaptı.","Annem börek yaptı.","My mom made pastry.","noun"
248,"word","köçek","külot","underwear","Köçeklerini değiştir.","Külotunu değiştir.","Change your underwear.","noun"
249,"word","köryapalak","yarasa","bat","Mağaranın içinde köryapalak vardı.","Mağaranın içinde yarasa vardı.","There was a bat inside the cave.","noun"
250,"word","köstü","köstebek","mole","Bahçeye köstü dadanmış.","Bahçeye köstebek dadanmış.","A mole has infested the garden.","noun"
251,"word","köşt","iskemle","stool","Köşte oturuyordu.","İskemlede oturuyordu.","He was sitting on the stool.","noun"
252,"word","köynek","atlet","undershirt","Havanın sıcağında sadece köynek giydi.","Havanın sıcağında sadece atlet giydi.","He wore only an undershirt in the hot weather.","noun"
253,"word","küncü","susam","sesame","Poğaçanın üstüne küncü serptim.","Poğaçanın üstüne susam serptim.","I sprinkled sesame on the pastry.","noun"
254,"word","künde","her gün","every day","Künde aynı saatte gelir.","Her gün aynı saatte gelir.","He comes at the same time every day.","adverb"
255,"word","lemerme","nemlenme","moisture","Camın üzerinde lemerme olmuş.","Camın üzerinde nemlenme olmuş.","There's moisture on the glass.","noun"
256,"word","lepe","lapa","mush","Pilav yine lepe olmuş.","Pilav yine lapa olmuş.","The rice turned to mush again.","noun"
257,"word","lök","büyük salyangoz","large snail","Yolda bir lök vardı.","Yolda büyük bir salyangoz vardı.","There was a large snail on the road.","noun"
258,"word","lös","hantal","clumsy","O biraz lös biridir.","O biraz hantal biridir.","He's a bit clumsy.","adjective"
259,"word","löstür","şişman","fat","Löstür adam kapıdan zor geçti.","Şişman adam kapıdan zor geçti.","The fat man barely fit through the door.","adjective"
260,"word","mahrama","havlu","towel","Yüzümü mahramayla sildim.","Yüzümü havluyla sildim.","I wiped my face with a towel.","noun"
261,"word","malama","tortu","residue","Çayın dibinde malama kalmış.","Çayın dibinde tortu kalmış.","There is residue at the bottom of the tea.","noun"
262,"word","malamat","rezil","disgraced","Bu işi yapamazsan malamat olursun.","Bu işi yapamazsan rezil olursun.","If you can't do this job, you'll be disgraced.","adjective"
263,"word","mangır","para","money","Cebinde hiç mangır kalmamış.","Cebinde hiç para kalmamış.","He has no money left in his pocket.","noun"
264,"word","maraz","hastalık","illness","O adam bir maraz geçiriyor.","O adam bir hastalık geçiriyor.","That man is going through an illness.","noun"
265,"word","meke","mısır","corn","Tarlada meke ekiyorlar.","Tarlada mısır ekiyorlar.","They are planting corn in the field.","noun"
266,"word","mıcık","çamur","mud","Ayakkabım mıcığa battı.","Ayakkabım çamura battı.","My shoe got stuck in the mud.","noun"
267,"word","mıdıklı","alıngan","sensitive","O biraz mıdıklı bir insan.","O biraz alıngan bir insan.","He's a bit of a sensitive person.","adjective"
268,"word","mık","çivi","nail","Tahtayı mıkla sabitledim.","Tahtayı çiviyle sabitledim.","I fixed the board with a nail.","noun"
269,"word","mıktar","muhtar","village headman","Mahallenin mıktarı çok iyi biridir.","Mahallenin muhtarı çok iyi biridir.","The village headman is a very good person.","noun"
270,"word","mıraz","istek","wish","İçimde bir mıraz var.","İçimde bir istek var.","I have a wish inside me.","noun"
271,"word","miltan","gömlek","shirt","Yeni bir miltan aldım.","Yeni bir gömlek aldım.","I bought a new shirt.","noun"
272,"word","mottik","küçük taş","pebble","Ayağımın altına bir mottik battı.","Ayağımın altına küçük bir taş battı.","A pebble got under my foot.","noun"
273,"word","mucuk","küçük sinek","gnat","Odada bir sürü mucuk vardı.","Odada bir sürü küçük sinek vardı.","There were lots of gnats in the room.","noun"
274,"word","nacak","balta","axe","Odunları nacakla kestim.","Odunları baltayla kestim.","I cut the wood with an axe.","noun"
275,"word","oba","yabancı yurt","foreign land","Obada yaşamak zordur.","Yabancı yurtta yaşamak zordur.","Living in a foreign land is difficult.","noun"
276,"word","örsümek","yürümek","to walk","Sabah erken örsümeye çıktım.","Sabah erken yürümeye çıktım.","I went out for a walk early in the morning.","verb"
277,"word","palıt","palamut","acorn","Domuzlar palıt peşinde koşar.","Domuzlar palamut peşinde koşar.","Boars run after acorns.","noun"
278,"word","patısga","patiska","muslin cloth","Elbiseyi patısgadan diktik.","Elbiseyi patiskadan diktik.","We sewed the dress from muslin cloth.","noun"
279,"word","peh","çok güzel","so beautiful","Bu yemek peh olmuş.","Bu yemek çok güzel olmuş.","This food is so delicious.","adjective"
280,"word","pehlil","zavallı","poor thing","O pehlil çocuğa yardım et.","O zavallı çocuğa yardım et.","Help that poor child.","adjective"
281,"word","pereden","aniden","suddenly","Pereden içeri girdi.","Aniden içeri girdi.","He suddenly came in.","adverb"
282,"word","pırtı","elbise","clothes","Pırtılarını toplamış gitmiş.","Elbiselerini toplamış gitmiş.","He packed his clothes and left.","noun"
283,"word","pısmak","saklanmak","to hide","Kedi dolaba pısmış.","Kedi dolaba saklanmış.","The cat hid in the cupboard.","verb"
284,"word","pin","kümes","coop","Tavuklar pinde yatıyor.","Tavuklar kümeste yatıyor.","The chickens are lying in the coop.","noun"
285,"word","pontil","pantolon","trousers","Yeni pontil aldım.","Yeni pantolon aldım.","I bought new trousers.","noun"
286,"word","portmak","boşanmak","to divorce","Artık portmaya karar verdik.","Artık boşanmaya karar verdik.","We have decided to divorce.","verb"
287,"word","püsü","kedi","cat","Püsü camın önünde uyuyor.","Kedi camın önünde uyuyor.","The cat is sleeping by the window.","noun"
288,"word","sabık","acele","hurry","Sabık davran biraz!","Acele et biraz!","Hurry up a bit!","noun"
289,"word","salı","ipucu","clue","Bana biraz salı ver.","Bana biraz ipucu ver.","Give me a little clue.","noun"
290,"word","saprasekil","gelişigüzel","random","Eşyaları saprasekil koymuş.","Eşyaları gelişigüzel koymuş.","He placed the items randomly.","adjective"
291,"word","seen","tabak","plate","Seen dolusu yemek getirdi.","Tabak dolusu yemek getirdi.","He brought a plate full of food.","noun"
292,"word","sıklat","sıcak","hot","Hava çok sıklat bugün.","Hava çok sıcak bugün.","It's very hot today.","adjective"
293,"word","sıygal","kaygan","slippery","Zemin sıygal olmuş, dikkat et.","Zemin kaygan olmuş, dikkat et.","The floor is slippery, be careful.","adjective"
294,"word","sille","tokat","slap","Bir sille vurdu geçti.","Bir tokat vurdu geçti.","He slapped and passed by.","noun"
295,"word","soğukluk","semiz otu","purslane","Tarlada soğukluk toplamaya gittik.","Tarlada semiz otu toplamaya gittik.","We went to pick purslane in the field.","noun"
296,"word","süllüm","merdiven","ladder","Çatıya süllümle çıktık.","Çatıya merdivenle çıktık.","We climbed the roof with a ladder.","noun"
297,"word","süük","çelenk","wreath","Kapıya süük astık.","Kapıya çelenk astık.","We hung a wreath on the door.","noun"
298,"word","şarlak","çağlayan","cascade","Şarlak gibi su akıyor.","Çağlayan gibi su akıyor.","The water flows like a cascade.","noun"
299,"word","şelek","yük","load","O şeleği taşımak zor.","O yükü taşımak zor.","That load is hard to carry.","noun"
300,"word","şifan","yulaf","oat","Atlara şifan verdik.","Atlara yulaf verdik.","We fed oats to the horses.","noun"
301,"word","şinci","şimdi","now","Şinci gidelim mi?","Şimdi gidelim mi?","Shall we go now?","adverb"
302,"word","şipidik","alkış","applause","Çocuklar şipidik yaptı.","Çocuklar alkış yaptı.","The children applauded.","noun"
303,"word","şire","tatlı","dessert","Bayramda bolca şire olur.","Bayramda bolca tatlı olur.","There’s a lot of dessert during the holiday.","noun"
304,"word","şivşirmek","kışkırtmak","provoke","Kardeşini şivşirme durmadan.","Kardeşini kışkırtma durmadan.","Stop provoking your brother.","verb"
305,"word","şor","laf","talk","Çok şor yapma.","Çok laf yapma.","Don't talk too much.","noun"
306,"word","tapkı","sopa","stick","Çocuk eline tapkı almış.","Çocuk eline sopa almış.","The child took a stick in his hand.","noun"
307,"word","tarpadan","aniden","suddenly","Tarpadan dışarı fırladı.","Aniden dışarı fırladı.","He suddenly rushed outside.","adverb"
308,"word","tavlak","ceviz","walnut","Bahçede tavlak topladık.","Bahçede ceviz topladık.","We collected walnuts in the garden.","noun"
309,"word","teberik","biricik","beloved","O benim teberik arkadaşımdır.","O benim biricik arkadaşımdır.","He is my beloved friend.","adjective"
310,"word","teh","çok güzel","very beautiful","Bu yemek teh olmuş.","Bu yemek çok güzel olmuş.","This food turned out very delicious.","adjective"
311,"word","telis","keten torba","linen bag","Patatesleri telise koyduk.","Patatesleri keten torbaya koyduk.","We put the potatoes in a linen bag.","noun"
312,"word","tengerek","yuvarlak","round","Tengerek masa aldık.","Yuvarlak masa aldık.","We bought a round table.","adjective"
313,"word","teşt","leğen","basin","Çamaşırları teştte yıkadım.","Çamaşırları leğende yıkadım.","I washed the clothes in the basin.","noun"
314,"word","tevir","çeşit","variety","Pazarda her tevir meyve vardı.","Pazarda her çeşit meyve vardı.","There was every variety of fruit in the market.","noun"
315,"word","tırıs","hızlı","fast","At tırıs gidiyor.","At hızlı gidiyor.","The horse is going fast.","adjective"
316,"word","tingmek","fırlamak","to dart","Kedi aniden tingdi.","Kedi aniden fırladı.","The cat darted out suddenly.","verb"
317,"word","tinkitmek","sıçratmak","to splash","Suyu tinkitti her yere.","Suyu her yere sıçrattı.","He splashed the water everywhere.","verb"
318,"word","töde","saman yığını","haystack","İnek tödede yatıyordu.","İnek saman yığınının üzerinde yatıyordu.","The cow was lying on the haystack.","noun"
319,"word","tusbaa","kaplumbağa","turtle","Bahçede bir tusbaa bulduk.","Bahçede bir kaplumbağa bulduk.","We found a turtle in the garden.","noun"
320,"word","umsuluk","bunalmak","to feel overwhelmed","Bu sıcakta insan umsuluk oluyor.","Bu sıcakta insan bunalıyor.","People feel overwhelmed in this heat.","verb"
321,"word","üçgül","yonca","clover","Tarlada üçgül çoktu.","Tarlada yonca çoktu.","There was a lot of clover in the field.","noun"
322,"word","ürtmek","mağlup etmek","to defeat","Rakibini kolayca ürttü.","Rakibini kolayca mağlup etti.","He easily defeated his opponent.","verb"
323,"word","ütüzlenmek","süslenmek","to get dolled up","Düğün için ütüzlenmiş.","Düğün için süslenmiş.","She got dolled up for the wedding.","verb"
324,"word","üvez","sivrisinek","mosquito","Geceleri üvez çok olur.","Geceleri sivrisinek çok olur.","There are many mosquitoes at night.","noun"
325,"word","vayvilim","ağıt","lament","Ölümüne vayvilim yakıldı.","Ölümüne ağıt yakıldı.","A lament was sung for his death.","noun"
326,"word","vıddırıvızzık","işe yaramaz","useless","Bu alet vıddırıvızzık.","Bu alet işe yaramaz.","This tool is useless.","adjective"
327,"word","vızzık","izmarit","cigarette butt","Yerde hep vızzık vardı.","Yerde hep izmarit vardı.","There were cigarette butts all over the ground.","noun"
328,"word","vizzo","huylandırmak","to creep out","Beni vizzo etti bu ses.","Bu ses beni huylandırdı.","This sound creeped me out.","verb"
329,"word","yadırgı","yabancı","stranger","Köyde yadırgı görünce şaşırdılar.","Köyde yabancı görünce şaşırdılar.","They were surprised to see a stranger in the village.","adjective"
330,"word","yalık","eşarp","scarf","Başına yılık bağlamış.","Başına eşarp bağlamış.","She tied a scarf around her head.","noun"
331,"word","yapık","kirli saç","messy hair","Saçların çok yapık olmuş.","Saçların çok kirli olmuş.","Your hair looks very dirty.","adjective"
332,"word","yavsı","sinek","fly","Yavsı dolmuş içeri.","Sinek dolmuş içeri.","Flies came inside.","noun"
333,"word","yeğni","hafif","light","Bu yemek yeğni olmuş.","Bu yemek hafif olmuş.","This meal is light.","adjective"
334,"word","yekinmek","kalkmak","to rise","Yavaşça yerinden yekindi.","Yavaşça yerinden kalktı.","He slowly rose from his place.","verb"
335,"word","yılgın","bıkkın","weary","Bu işten yılgın düştü.","Bu işten bıkkın düştü.","He grew weary of this job.","adjective"
336,"word","yırak","uzun","long","Bu yol yırak gider.","Bu yol uzun gider.","This road goes on for long.","adjective"
337,"word","yumuş","iş","task","Bugün çok yumuş vardı.","Bugün çok iş vardı.","There was a lot of work today.","noun"
338,"word","yületmek","keskinleştirmek","to sharpen","Bıçağı yülettim.","Bıçağı keskinleştirdim.","I sharpened the knife.","verb"
339,"word","zaati","zaten","already","Zaati biliyordum.","Zaten biliyordum.","I already knew.","adverb"
340,"word","zıbarmak","ölmek","to die","Adam oracıkta zıbarmış.","Adam oracıkta ölmüş.","The man died right there.","verb"
341,"word","zibil","hayvan gübresi","manure","Tarlaya zibil döktüler.","Tarlaya hayvan gübresi döktüler.","They spread manure on the field.","noun"
342,"word","zobu","işe yaramaz","worthless","Bu soba tam zobu.","Bu soba tam işe yaramaz.","This stove is completely worthless.","adjective"
343,"word","zumzuk","yumruk","punch","Yüzüne bir zumzuk yedi.","Yüzüne bir yumruk yedi.","He got punched in the face.","noun"
344,"word","banak","lokma","bite","Banaktan bir tane aldı.","Lokmadan bir tane aldı.","He took one bite.","noun"
345,"word","gölbez","köpek yavrusu","puppy","Bahçede bir gölbez koşuyordu.","Bahçede bir köpek yavrusu koşuyordu.","A puppy was running in the yard.","noun"
346,"word","kömüş","manda","buffalo","Kömüş gölde yıkanıyordu.","Manda gölde yıkanıyordu.","The buffalo was bathing in the lake.","noun"
347,"word","terek","raf","shelf","Kitapları tereğe dizdi.","Kitapları rafa dizdi.","He arranged the books on the shelf.","noun"
348,"word","caru","çalışkan","hardworking","O çok caru bir öğrenci.","O çok çalışkan bir öğrenci.","He is a very hardworking student.","adjective"
349,"word","deyda","orada","there","Deyda bekliyor.","Orada bekliyor.","He is waiting there.","adverb"
350,"word","ahacuk","burada","here","Ahacuk kalacağız.","Burada kalacağız.","We will stay here.","adverb"



